"Age";"Status";"Studies";"YearsOfExperience";version;direction;number_guards;position;number_of_given_answers;expected_answer;given_answer;is_correct;time_in_milliseconds;
"between 25 and (excluding) 30";"Undergraduate student (BSc not yet finished)";"Computer science";"none";!If;backwards;3;2;1;7;7;true;928;
"between 25 and (excluding) 30";"Undergraduate student (BSc not yet finished)";"Computer science";"none";If/Else;backwards;3;1;1;2;2;true;1234;
"between 25 and (excluding) 30";"Undergraduate student (BSc not yet finished)";"Computer science";"none";If/Else;forwards;3;3;1;3;3;true;1159;
"between 25 and (excluding) 30";"Undergraduate student (BSc not yet finished)";"Computer science";"none";If/Else;backwards;2;2;1;5;5;true;1039;
"between 25 and (excluding) 30";"Undergraduate student (BSc not yet finished)";"Computer science";"none";!If;backwards;1;1;1;2;2;true;788;
"between 25 and (excluding) 30";"Undergraduate student (BSc not yet finished)";"Computer science";"none";If/Else;forwards;2;1;1;7;7;true;982;
"between 25 and (excluding) 30";"Undergraduate student (BSc not yet finished)";"Computer science";"none";If/Else;backwards;3;1;1;6;6;true;2050;
"between 25 and (excluding) 30";"Undergraduate student (BSc not yet finished)";"Computer science";"none";If/Else;forwards;1;1;1;5;5;true;857;
"between 25 and (excluding) 30";"Undergraduate student (BSc not yet finished)";"Computer science";"none";!If;forwards;3;3;1;7;7;true;845;
"between 25 and (excluding) 30";"Undergraduate student (BSc not yet finished)";"Computer science";"none";!If;forwards;2;1;1;8;8;true;924;
"between 25 and (excluding) 30";"Undergraduate student (BSc not yet finished)";"Computer science";"none";If/Else;forwards;3;1;1;3;3;true;1134;
"between 25 and (excluding) 30";"Undergraduate student (BSc not yet finished)";"Computer science";"none";If/Else;backwards;5;5;1;4;4;true;1389;
"between 25 and (excluding) 30";"Undergraduate student (BSc not yet finished)";"Computer science";"none";!If;forwards;5;3;1;2;2;true;981;
"between 25 and (excluding) 30";"Undergraduate student (BSc not yet finished)";"Computer science";"none";!If;forwards;1;1;1;7;7;true;951;
"between 25 and (excluding) 30";"Undergraduate student (BSc not yet finished)";"Computer science";"none";If/Else;forwards;5;5;1;6;6;true;1043;
"between 25 and (excluding) 30";"Undergraduate student (BSc not yet finished)";"Computer science";"none";If/Else;backwards;3;3;1;0;0;true;1063;
"between 25 and (excluding) 30";"Undergraduate student (BSc not yet finished)";"Computer science";"none";!If;forwards;3;3;1;0;0;true;757;
"between 25 and (excluding) 30";"Undergraduate student (BSc not yet finished)";"Computer science";"none";!If;forwards;5;2;1;4;4;true;767;
"between 25 and (excluding) 30";"Undergraduate student (BSc not yet finished)";"Computer science";"none";!If;forwards;5;4;1;5;5;true;919;
"between 25 and (excluding) 30";"Undergraduate student (BSc not yet finished)";"Computer science";"none";If/Else;forwards;5;2;1;9;9;true;1081;
"between 25 and (excluding) 30";"Undergraduate student (BSc not yet finished)";"Computer science";"none";!If;backwards;2;2;1;3;3;true;949;
"between 25 and (excluding) 30";"Undergraduate student (BSc not yet finished)";"Computer science";"none";!If;forwards;5;3;1;0;0;true;914;
"between 25 and (excluding) 30";"Undergraduate student (BSc not yet finished)";"Computer science";"none";!If;forwards;5;1;1;7;7;true;822;
"between 25 and (excluding) 30";"Undergraduate student (BSc not yet finished)";"Computer science";"none";If/Else;forwards;5;1;1;6;6;true;1263;
"between 25 and (excluding) 30";"Undergraduate student (BSc not yet finished)";"Computer science";"none";If/Else;forwards;3;1;1;4;4;true;859;
"between 25 and (excluding) 30";"Undergraduate student (BSc not yet finished)";"Computer science";"none";If/Else;backwards;3;2;1;4;4;true;1231;
"between 25 and (excluding) 30";"Undergraduate student (BSc not yet finished)";"Computer science";"none";!If;backwards;2;1;1;0;0;true;831;
"between 25 and (excluding) 30";"Undergraduate student (BSc not yet finished)";"Computer science";"none";If/Else;backwards;5;2;1;6;2;false;1397;
"between 25 and (excluding) 30";"Undergraduate student (BSc not yet finished)";"Computer science";"none";If/Else;backwards;5;5;1;1;4;false;1336;
"between 25 and (excluding) 30";"Undergraduate student (BSc not yet finished)";"Computer science";"none";If/Else;backwards;5;5;1;1;1;true;966;
"between 25 and (excluding) 30";"Undergraduate student (BSc not yet finished)";"Computer science";"none";!If;backwards;5;3;1;9;9;true;863;
"between 25 and (excluding) 30";"Undergraduate student (BSc not yet finished)";"Computer science";"none";!If;forwards;3;2;1;4;4;true;896;
"between 25 and (excluding) 30";"Undergraduate student (BSc not yet finished)";"Computer science";"none";!If;forwards;5;4;1;2;2;true;918;
"between 25 and (excluding) 30";"Undergraduate student (BSc not yet finished)";"Computer science";"none";!If;backwards;2;2;1;4;4;true;733;
"between 25 and (excluding) 30";"Undergraduate student (BSc not yet finished)";"Computer science";"none";If/Else;backwards;5;3;1;9;4;false;1351;
"between 25 and (excluding) 30";"Undergraduate student (BSc not yet finished)";"Computer science";"none";If/Else;backwards;2;2;1;9;9;true;995;
"between 25 and (excluding) 30";"Undergraduate student (BSc not yet finished)";"Computer science";"none";If/Else;forwards;5;5;1;1;1;true;1196;
"between 25 and (excluding) 30";"Undergraduate student (BSc not yet finished)";"Computer science";"none";!If;forwards;3;2;1;2;2;true;966;
"between 25 and (excluding) 30";"Undergraduate student (BSc not yet finished)";"Computer science";"none";If/Else;backwards;5;2;1;2;2;true;1502;
"between 25 and (excluding) 30";"Undergraduate student (BSc not yet finished)";"Computer science";"none";!If;forwards;5;2;1;3;3;true;936;
"between 25 and (excluding) 30";"Undergraduate student (BSc not yet finished)";"Computer science";"none";If/Else;backwards;2;1;1;1;1;true;1238;
"between 25 and (excluding) 30";"Undergraduate student (BSc not yet finished)";"Computer science";"none";If/Else;forwards;5;4;1;3;3;true;1627;
"between 25 and (excluding) 30";"Undergraduate student (BSc not yet finished)";"Computer science";"none";!If;backwards;5;3;1;5;5;true;827;
"between 25 and (excluding) 30";"Undergraduate student (BSc not yet finished)";"Computer science";"none";!If;backwards;5;4;1;9;9;true;628;
"between 25 and (excluding) 30";"Undergraduate student (BSc not yet finished)";"Computer science";"none";!If;backwards;5;2;1;8;8;true;833;
"between 25 and (excluding) 30";"Undergraduate student (BSc not yet finished)";"Computer science";"none";!If;backwards;1;1;1;6;6;true;653;
"between 25 and (excluding) 30";"Undergraduate student (BSc not yet finished)";"Computer science";"none";!If;backwards;3;2;1;4;4;true;576;
"between 25 and (excluding) 30";"Undergraduate student (BSc not yet finished)";"Computer science";"none";!If;forwards;5;5;1;4;4;true;876;
"between 25 and (excluding) 30";"Undergraduate student (BSc not yet finished)";"Computer science";"none";If/Else;backwards;5;1;1;0;0;true;1220;
"between 25 and (excluding) 30";"Undergraduate student (BSc not yet finished)";"Computer science";"none";!If;backwards;5;1;1;8;8;true;840;
"between 25 and (excluding) 30";"Undergraduate student (BSc not yet finished)";"Computer science";"none";If/Else;backwards;5;1;1;5;5;true;1069;
"between 25 and (excluding) 30";"Undergraduate student (BSc not yet finished)";"Computer science";"none";If/Else;forwards;5;4;1;5;5;true;1655;
"between 25 and (excluding) 30";"Undergraduate student (BSc not yet finished)";"Computer science";"none";If/Else;backwards;3;3;1;6;6;true;983;
"between 25 and (excluding) 30";"Undergraduate student (BSc not yet finished)";"Computer science";"none";!If;backwards;5;4;1;6;6;true;904;
"between 25 and (excluding) 30";"Undergraduate student (BSc not yet finished)";"Computer science";"none";!If;backwards;5;1;1;0;0;true;788;
"between 25 and (excluding) 30";"Undergraduate student (BSc not yet finished)";"Computer science";"none";!If;forwards;5;3;1;6;6;true;930;
"between 25 and (excluding) 30";"Undergraduate student (BSc not yet finished)";"Computer science";"none";!If;backwards;3;3;1;3;3;true;757;
"between 25 and (excluding) 30";"Undergraduate student (BSc not yet finished)";"Computer science";"none";If/Else;forwards;1;1;1;9;9;true;898;
"between 25 and (excluding) 30";"Undergraduate student (BSc not yet finished)";"Computer science";"none";!If;forwards;2;1;1;4;4;true;813;
"between 25 and (excluding) 30";"Undergraduate student (BSc not yet finished)";"Computer science";"none";!If;forwards;1;1;1;7;7;true;874;
"between 25 and (excluding) 30";"Undergraduate student (BSc not yet finished)";"Computer science";"none";If/Else;backwards;5;5;1;8;8;true;1229;
"between 25 and (excluding) 30";"Undergraduate student (BSc not yet finished)";"Computer science";"none";If/Else;backwards;3;1;1;4;4;true;1857;
"between 25 and (excluding) 30";"Undergraduate student (BSc not yet finished)";"Computer science";"none";!If;backwards;3;3;1;3;3;true;760;
"between 25 and (excluding) 30";"Undergraduate student (BSc not yet finished)";"Computer science";"none";If/Else;backwards;5;5;1;1;1;true;1099;
"between 25 and (excluding) 30";"Undergraduate student (BSc not yet finished)";"Computer science";"none";!If;backwards;5;5;1;4;4;true;881;
"between 25 and (excluding) 30";"Undergraduate student (BSc not yet finished)";"Computer science";"none";If/Else;backwards;2;1;1;3;3;true;1744;
"between 25 and (excluding) 30";"Undergraduate student (BSc not yet finished)";"Computer science";"none";!If;backwards;5;3;1;8;8;true;650;
"between 25 and (excluding) 30";"Undergraduate student (BSc not yet finished)";"Computer science";"none";If/Else;forwards;2;2;1;3;3;true;1184;
"between 25 and (excluding) 30";"Undergraduate student (BSc not yet finished)";"Computer science";"none";!If;backwards;5;2;1;1;1;true;835;
"between 25 and (excluding) 30";"Undergraduate student (BSc not yet finished)";"Computer science";"none";If/Else;backwards;1;1;1;2;2;true;767;
"between 25 and (excluding) 30";"Undergraduate student (BSc not yet finished)";"Computer science";"none";!If;backwards;2;1;1;3;3;true;756;
"between 25 and (excluding) 30";"Undergraduate student (BSc not yet finished)";"Computer science";"none";!If;backwards;2;1;1;2;2;true;616;
"between 25 and (excluding) 30";"Undergraduate student (BSc not yet finished)";"Computer science";"none";If/Else;forwards;5;1;1;7;7;true;960;
"between 25 and (excluding) 30";"Undergraduate student (BSc not yet finished)";"Computer science";"none";!If;forwards;2;2;1;1;1;true;914;
"between 25 and (excluding) 30";"Undergraduate student (BSc not yet finished)";"Computer science";"none";!If;backwards;5;2;1;8;8;true;801;
"between 25 and (excluding) 30";"Undergraduate student (BSc not yet finished)";"Computer science";"none";!If;backwards;3;2;1;7;7;true;748;
"between 25 and (excluding) 30";"Undergraduate student (BSc not yet finished)";"Computer science";"none";If/Else;forwards;3;3;1;9;9;true;1092;
"between 25 and (excluding) 30";"Undergraduate student (BSc not yet finished)";"Computer science";"none";!If;backwards;3;1;1;4;4;true;743;
"between 25 and (excluding) 30";"Undergraduate student (BSc not yet finished)";"Computer science";"none";If/Else;forwards;5;3;1;4;4;true;1304;
"between 25 and (excluding) 30";"Undergraduate student (BSc not yet finished)";"Computer science";"none";!If;backwards;2;1;1;4;4;true;700;
"between 25 and (excluding) 30";"Undergraduate student (BSc not yet finished)";"Computer science";"none";!If;backwards;3;2;1;7;7;true;761;
"between 25 and (excluding) 30";"Undergraduate student (BSc not yet finished)";"Computer science";"none";If/Else;backwards;2;2;1;9;9;true;905;
"between 25 and (excluding) 30";"Undergraduate student (BSc not yet finished)";"Computer science";"none";!If;forwards;2;2;1;3;3;true;892;
"between 25 and (excluding) 30";"Undergraduate student (BSc not yet finished)";"Computer science";"none";If/Else;backwards;1;1;1;6;6;true;740;
"between 25 and (excluding) 30";"Undergraduate student (BSc not yet finished)";"Computer science";"none";If/Else;forwards;2;2;1;4;4;true;1376;
"between 25 and (excluding) 30";"Undergraduate student (BSc not yet finished)";"Computer science";"none";If/Else;backwards;5;2;1;3;3;true;1609;
"between 25 and (excluding) 30";"Undergraduate student (BSc not yet finished)";"Computer science";"none";!If;backwards;5;4;1;9;9;true;600;
"between 25 and (excluding) 30";"Undergraduate student (BSc not yet finished)";"Computer science";"none";If/Else;forwards;3;1;1;5;5;true;1959;
"between 25 and (excluding) 30";"Undergraduate student (BSc not yet finished)";"Computer science";"none";If/Else;forwards;5;3;1;1;1;true;1495;
"between 25 and (excluding) 30";"Undergraduate student (BSc not yet finished)";"Computer science";"none";!If;backwards;3;1;1;3;3;true;626;
"between 25 and (excluding) 30";"Undergraduate student (BSc not yet finished)";"Computer science";"none";!If;backwards;5;3;1;1;1;true;688;
"between 25 and (excluding) 30";"Undergraduate student (BSc not yet finished)";"Computer science";"none";If/Else;backwards;2;1;1;0;0;true;1115;
"between 25 and (excluding) 30";"Undergraduate student (BSc not yet finished)";"Computer science";"none";If/Else;forwards;1;1;1;5;4;false;765;
"between 25 and (excluding) 30";"Undergraduate student (BSc not yet finished)";"Computer science";"none";If/Else;forwards;3;2;1;8;8;true;1015;
"between 25 and (excluding) 30";"Undergraduate student (BSc not yet finished)";"Computer science";"none";!If;forwards;3;1;1;5;5;true;882;
"between 25 and (excluding) 30";"Undergraduate student (BSc not yet finished)";"Computer science";"none";!If;backwards;5;1;1;4;4;true;661;
"between 25 and (excluding) 30";"Undergraduate student (BSc not yet finished)";"Computer science";"none";If/Else;forwards;5;2;1;5;5;true;1123;
"between 25 and (excluding) 30";"Undergraduate student (BSc not yet finished)";"Computer science";"none";If/Else;forwards;2;2;1;1;1;true;923;
"between 25 and (excluding) 30";"Undergraduate student (BSc not yet finished)";"Computer science";"none";!If;backwards;5;1;1;0;0;true;904;
"between 25 and (excluding) 30";"Undergraduate student (BSc not yet finished)";"Computer science";"none";If/Else;forwards;5;3;1;2;2;true;1511;
"between 25 and (excluding) 30";"Undergraduate student (BSc not yet finished)";"Computer science";"none";If/Else;forwards;5;2;1;4;4;true;1142;
"between 25 and (excluding) 30";"Undergraduate student (BSc not yet finished)";"Computer science";"none";If/Else;backwards;3;3;1;5;5;true;1256;
"between 25 and (excluding) 30";"Undergraduate student (BSc not yet finished)";"Computer science";"none";!If;forwards;3;2;1;2;2;true;1040;
"between 25 and (excluding) 30";"Undergraduate student (BSc not yet finished)";"Computer science";"none";If/Else;forwards;3;3;1;7;7;true;1281;
"between 25 and (excluding) 30";"Undergraduate student (BSc not yet finished)";"Computer science";"none";If/Else;backwards;5;2;1;6;6;true;2061;
"between 25 and (excluding) 30";"Undergraduate student (BSc not yet finished)";"Computer science";"none";!If;forwards;5;2;1;4;4;true;773;
"between 25 and (excluding) 30";"Undergraduate student (BSc not yet finished)";"Computer science";"none";If/Else;forwards;5;1;1;2;2;true;1019;
"between 25 and (excluding) 30";"Undergraduate student (BSc not yet finished)";"Computer science";"none";If/Else;forwards;5;2;1;1;1;true;969;
"between 25 and (excluding) 30";"Undergraduate student (BSc not yet finished)";"Computer science";"none";!If;forwards;5;1;1;5;5;true;863;
"between 25 and (excluding) 30";"Undergraduate student (BSc not yet finished)";"Computer science";"none";!If;backwards;5;5;1;5;5;true;915;
"between 25 and (excluding) 30";"Undergraduate student (BSc not yet finished)";"Computer science";"none";If/Else;backwards;2;2;1;3;3;true;1035;
"between 25 and (excluding) 30";"Undergraduate student (BSc not yet finished)";"Computer science";"none";!If;forwards;3;1;1;5;5;true;828;
"between 25 and (excluding) 30";"Undergraduate student (BSc not yet finished)";"Computer science";"none";!If;backwards;5;5;1;2;2;true;779;
"between 25 and (excluding) 30";"Undergraduate student (BSc not yet finished)";"Computer science";"none";If/Else;forwards;5;3;1;9;9;true;1490;
"between 25 and (excluding) 30";"Undergraduate student (BSc not yet finished)";"Computer science";"none";!If;backwards;2;2;1;8;8;true;814;
"between 25 and (excluding) 30";"Undergraduate student (BSc not yet finished)";"Computer science";"none";If/Else;forwards;5;4;1;6;5;false;1041;
"between 25 and (excluding) 30";"Undergraduate student (BSc not yet finished)";"Computer science";"none";If/Else;backwards;5;3;1;6;6;true;2195;
"between 25 and (excluding) 30";"Undergraduate student (BSc not yet finished)";"Computer science";"none";If/Else;forwards;3;2;1;8;8;true;1088;
"between 25 and (excluding) 30";"Undergraduate student (BSc not yet finished)";"Computer science";"none";If/Else;backwards;3;1;1;0;0;true;1106;
"between 25 and (excluding) 30";"Undergraduate student (BSc not yet finished)";"Computer science";"none";!If;backwards;3;1;1;7;7;true;826;
"between 25 and (excluding) 30";"Undergraduate student (BSc not yet finished)";"Computer science";"none";!If;backwards;5;4;1;7;7;true;913;
"between 25 and (excluding) 30";"Undergraduate student (BSc not yet finished)";"Computer science";"none";!If;forwards;5;2;1;1;1;true;925;
"between 25 and (excluding) 30";"Undergraduate student (BSc not yet finished)";"Computer science";"none";!If;backwards;5;5;1;8;8;true;872;
"between 25 and (excluding) 30";"Undergraduate student (BSc not yet finished)";"Computer science";"none";!If;forwards;5;1;1;3;3;true;1030;
"between 25 and (excluding) 30";"Undergraduate student (BSc not yet finished)";"Computer science";"none";If/Else;backwards;3;2;1;3;3;true;1553;
"between 25 and (excluding) 30";"Undergraduate student (BSc not yet finished)";"Computer science";"none";If/Else;backwards;2;1;1;1;1;true;1728;
"between 25 and (excluding) 30";"Undergraduate student (BSc not yet finished)";"Computer science";"none";!If;forwards;5;4;1;2;2;true;995;
"between 25 and (excluding) 30";"Undergraduate student (BSc not yet finished)";"Computer science";"none";!If;forwards;2;2;1;3;3;true;804;
"between 25 and (excluding) 30";"Undergraduate student (BSc not yet finished)";"Computer science";"none";If/Else;backwards;5;4;1;5;4;false;1836;
"between 25 and (excluding) 30";"Undergraduate student (BSc not yet finished)";"Computer science";"none";If/Else;backwards;5;4;1;3;3;true;1429;
"between 25 and (excluding) 30";"Undergraduate student (BSc not yet finished)";"Computer science";"none";!If;backwards;3;1;1;3;3;true;639;
"between 25 and (excluding) 30";"Undergraduate student (BSc not yet finished)";"Computer science";"none";If/Else;forwards;5;5;1;3;3;true;1612;
"between 25 and (excluding) 30";"Undergraduate student (BSc not yet finished)";"Computer science";"none";!If;backwards;1;1;1;3;3;true;946;
"between 25 and (excluding) 30";"Undergraduate student (BSc not yet finished)";"Computer science";"none";If/Else;forwards;5;3;1;8;8;true;1588;
"between 25 and (excluding) 30";"Undergraduate student (BSc not yet finished)";"Computer science";"none";If/Else;backwards;5;4;1;5;5;true;2029;
"between 25 and (excluding) 30";"Undergraduate student (BSc not yet finished)";"Computer science";"none";!If;forwards;3;1;1;5;5;true;849;
"between 25 and (excluding) 30";"Undergraduate student (BSc not yet finished)";"Computer science";"none";!If;backwards;1;1;1;6;6;true;707;
"between 25 and (excluding) 30";"Undergraduate student (BSc not yet finished)";"Computer science";"none";If/Else;backwards;5;1;1;9;8;false;1203;
"between 25 and (excluding) 30";"Undergraduate student (BSc not yet finished)";"Computer science";"none";!If;forwards;2;1;1;3;3;true;892;
"between 25 and (excluding) 30";"Undergraduate student (BSc not yet finished)";"Computer science";"none";If/Else;forwards;1;1;1;2;2;true;981;
"between 25 and (excluding) 30";"Undergraduate student (BSc not yet finished)";"Computer science";"none";!If;forwards;1;1;1;0;0;true;928;
"between 25 and (excluding) 30";"Undergraduate student (BSc not yet finished)";"Computer science";"none";If/Else;forwards;3;1;1;9;9;true;1071;
"between 25 and (excluding) 30";"Undergraduate student (BSc not yet finished)";"Computer science";"none";!If;forwards;3;2;1;1;1;true;847;
"between 25 and (excluding) 30";"Undergraduate student (BSc not yet finished)";"Computer science";"none";!If;backwards;5;5;1;1;1;true;953;
"between 25 and (excluding) 30";"Undergraduate student (BSc not yet finished)";"Computer science";"none";If/Else;backwards;5;3;1;8;8;true;3369;
"between 25 and (excluding) 30";"Undergraduate student (BSc not yet finished)";"Computer science";"none";!If;forwards;1;1;1;8;8;true;775;
"between 25 and (excluding) 30";"Undergraduate student (BSc not yet finished)";"Computer science";"none";!If;forwards;5;5;1;5;5;true;915;
"between 25 and (excluding) 30";"Undergraduate student (BSc not yet finished)";"Computer science";"none";!If;backwards;2;1;1;8;8;true;795;
"between 25 and (excluding) 30";"Undergraduate student (BSc not yet finished)";"Computer science";"none";!If;forwards;5;4;1;6;6;true;854;
"between 25 and (excluding) 30";"Undergraduate student (BSc not yet finished)";"Computer science";"none";If/Else;backwards;3;3;1;9;9;true;1197;
"between 25 and (excluding) 30";"Undergraduate student (BSc not yet finished)";"Computer science";"none";!If;backwards;3;3;1;1;1;true;867;
"between 25 and (excluding) 30";"Undergraduate student (BSc not yet finished)";"Computer science";"none";If/Else;forwards;2;2;1;8;8;true;889;
"between 25 and (excluding) 30";"Undergraduate student (BSc not yet finished)";"Computer science";"none";If/Else;forwards;5;5;1;9;9;true;985;
"between 25 and (excluding) 30";"Undergraduate student (BSc not yet finished)";"Computer science";"none";!If;backwards;3;3;1;1;1;true;832;
"between 25 and (excluding) 30";"Undergraduate student (BSc not yet finished)";"Computer science";"none";If/Else;forwards;5;1;1;5;5;true;1077;
"between 25 and (excluding) 30";"Undergraduate student (BSc not yet finished)";"Computer science";"none";!If;backwards;2;2;1;5;5;true;754;
"between 25 and (excluding) 30";"Undergraduate student (BSc not yet finished)";"Computer science";"none";If/Else;forwards;2;1;1;3;3;true;1123;
"between 25 and (excluding) 30";"Undergraduate student (BSc not yet finished)";"Computer science";"none";If/Else;forwards;3;2;1;7;7;true;1105;
"between 25 and (excluding) 30";"Undergraduate student (BSc not yet finished)";"Computer science";"none";If/Else;backwards;5;1;1;1;1;true;1128;
"between 25 and (excluding) 30";"Undergraduate student (BSc not yet finished)";"Computer science";"none";If/Else;forwards;2;1;1;8;8;true;930;
"between 25 and (excluding) 30";"Undergraduate student (BSc not yet finished)";"Computer science";"none";!If;forwards;5;3;1;7;7;true;868;
"between 25 and (excluding) 30";"Undergraduate student (BSc not yet finished)";"Computer science";"none";If/Else;backwards;3;3;1;3;3;true;1187;
"between 25 and (excluding) 30";"Undergraduate student (BSc not yet finished)";"Computer science";"none";!If;forwards;2;2;1;0;0;true;989;
"between 25 and (excluding) 30";"Undergraduate student (BSc not yet finished)";"Computer science";"none";!If;forwards;3;1;1;1;1;true;745;
"between 25 and (excluding) 30";"Undergraduate student (BSc not yet finished)";"Computer science";"none";If/Else;backwards;3;2;1;3;0;false;1229;
"between 25 and (excluding) 30";"Undergraduate student (BSc not yet finished)";"Computer science";"none";!If;forwards;2;2;1;2;2;true;905;
"between 25 and (excluding) 30";"Undergraduate student (BSc not yet finished)";"Computer science";"none";If/Else;backwards;5;4;1;6;6;true;1654;
"between 25 and (excluding) 30";"Undergraduate student (BSc not yet finished)";"Computer science";"none";If/Else;forwards;3;2;1;7;2;false;1015;
"between 25 and (excluding) 30";"Undergraduate student (BSc not yet finished)";"Computer science";"none";!If;forwards;2;1;1;8;8;true;954;
"between 25 and (excluding) 30";"Undergraduate student (BSc not yet finished)";"Computer science";"none";If/Else;forwards;5;4;1;0;0;true;1721;
"between 25 and (excluding) 30";"Undergraduate student (BSc not yet finished)";"Computer science";"none";!If;backwards;5;4;1;2;2;true;865;
"between 25 and (excluding) 30";"Undergraduate student (BSc not yet finished)";"Computer science";"none";!If;forwards;5;5;1;9;9;true;1147;
"between 25 and (excluding) 30";"Undergraduate student (BSc not yet finished)";"Computer science";"none";If/Else;backwards;2;1;1;7;7;true;1116;
"between 25 and (excluding) 30";"Undergraduate student (BSc not yet finished)";"Computer science";"none";If/Else;forwards;2;1;1;9;9;true;945;
"between 25 and (excluding) 30";"Undergraduate student (BSc not yet finished)";"Computer science";"none";If/Else;forwards;5;4;1;8;8;true;1613;
"between 25 and (excluding) 30";"Undergraduate student (BSc not yet finished)";"Computer science";"none";!If;backwards;5;2;1;6;6;true;846;
"between 25 and (excluding) 30";"Undergraduate student (BSc not yet finished)";"Computer science";"none";If/Else;backwards;5;3;1;8;8;true;1594;
"between 25 and (excluding) 30";"Undergraduate student (BSc not yet finished)";"Computer science";"none";If/Else;backwards;5;3;1;3;3;true;1549;
"between 25 and (excluding) 30";"Undergraduate student (BSc not yet finished)";"Computer science";"none";!If;forwards;5;5;1;1;4;false;828;
"between 25 and (excluding) 30";"Undergraduate student (BSc not yet finished)";"Computer science";"none";If/Else;backwards;5;2;1;4;4;true;1299;
"between 25 and (excluding) 30";"Undergraduate student (BSc not yet finished)";"Computer science";"none";If/Else;backwards;3;2;1;1;1;true;1269;
"between 25 and (excluding) 30";"Undergraduate student (BSc not yet finished)";"Computer science";"none";!If;backwards;5;2;1;6;6;true;772;
"between 25 and (excluding) 30";"Undergraduate student (BSc not yet finished)";"Computer science";"none";If/Else;backwards;5;4;1;3;3;true;2260;
"between 25 and (excluding) 30";"Undergraduate student (BSc not yet finished)";"Computer science";"none";!If;forwards;5;3;1;3;3;true;1033;
"between 25 and (excluding) 30";"Undergraduate student (BSc not yet finished)";"Computer science";"none";!If;forwards;3;2;1;6;3;false;823;
"between 25 and (excluding) 30";"Undergraduate student (BSc not yet finished)";"Computer science";"none";!If;forwards;5;4;1;4;4;true;878;
"between 25 and (excluding) 30";"Undergraduate student (BSc not yet finished)";"Computer science";"none";!If;forwards;3;1;1;7;7;true;984;
"between 25 and (excluding) 30";"Undergraduate student (BSc not yet finished)";"Computer science";"none";If/Else;forwards;5;5;1;1;1;true;1228;
"between 25 and (excluding) 30";"Undergraduate student (BSc not yet finished)";"Computer science";"none";If/Else;backwards;5;1;1;6;6;true;1191;
"between 25 and (excluding) 30";"Undergraduate student (BSc not yet finished)";"Computer science";"none";!If;backwards;3;2;1;9;9;true;936;
"between 25 and (excluding) 30";"Undergraduate student (BSc not yet finished)";"Computer science";"none";If/Else;backwards;3;1;1;9;9;true;1065;
"between 25 and (excluding) 30";"Undergraduate student (BSc not yet finished)";"Computer science";"none";If/Else;backwards;1;1;1;0;0;true;959;
"between 25 and (excluding) 30";"Undergraduate student (BSc not yet finished)";"Computer science";"none";!If;forwards;3;3;1;1;1;true;914;
"between 25 and (excluding) 30";"Undergraduate student (BSc not yet finished)";"Computer science";"none";If/Else;backwards;1;1;1;7;7;true;827;
"between 25 and (excluding) 30";"Undergraduate student (BSc not yet finished)";"Computer science";"none";If/Else;backwards;1;1;1;6;6;true;652;
"between 25 and (excluding) 30";"Undergraduate student (BSc not yet finished)";"Computer science";"none";If/Else;forwards;3;3;1;6;6;true;1083;
"between 25 and (excluding) 30";"Undergraduate student (BSc not yet finished)";"Computer science";"none";!If;backwards;1;1;1;5;5;true;696;
"between 25 and (excluding) 30";"Undergraduate student (BSc not yet finished)";"Computer science";"none";If/Else;forwards;3;3;1;4;4;true;1143;
"between 25 and (excluding) 30";"Undergraduate student (BSc not yet finished)";"Computer science";"none";If/Else;forwards;3;1;1;2;2;true;982;
"between 25 and (excluding) 30";"Undergraduate student (BSc not yet finished)";"Computer science";"none";!If;backwards;3;1;1;0;0;true;961;
"between 25 and (excluding) 30";"Undergraduate student (BSc not yet finished)";"Computer science";"none";If/Else;forwards;5;2;1;8;8;true;1415;
"between 25 and (excluding) 30";"Undergraduate student (BSc not yet finished)";"Computer science";"none";If/Else;forwards;5;1;1;9;9;true;856;
"between 25 and (excluding) 30";"Undergraduate student (BSc not yet finished)";"Computer science";"none";!If;backwards;5;3;1;8;9;false;726;
"between 25 and (excluding) 30";"Undergraduate student (BSc not yet finished)";"Computer science";"none";If/Else;forwards;1;1;1;4;4;true;814;
"between 25 and (excluding) 30";"Undergraduate student (BSc not yet finished)";"Computer science";"none";!If;forwards;5;2;1;0;0;true;956;
"between 25 and (excluding) 30";"Undergraduate student (BSc not yet finished)";"Computer science";"none";If/Else;forwards;3;2;1;3;3;true;1304;
"between 25 and (excluding) 30";"Undergraduate student (BSc not yet finished)";"Computer science";"none";!If;forwards;1;1;1;3;3;true;751;
"between 25 and (excluding) 30";"Undergraduate student (BSc not yet finished)";"Computer science";"none";!If;backwards;3;3;1;3;3;true;585;
"between 25 and (excluding) 30";"Undergraduate student (BSc not yet finished)";"Computer science";"none";!If;forwards;5;1;1;2;2;true;877;
"between 25 and (excluding) 30";"Undergraduate student (BSc not yet finished)";"Computer science";"none";!If;forwards;5;1;1;9;9;true;836;
"between 25 and (excluding) 30";"Undergraduate student (BSc not yet finished)";"Computer science";"none";!If;forwards;2;1;1;1;1;true;812;
"between 25 and (excluding) 30";"Undergraduate student (BSc not yet finished)";"Computer science";"none";If/Else;backwards;3;2;1;9;9;true;1274;
"between 25 and (excluding) 30";"Undergraduate student (BSc not yet finished)";"Computer science";"none";If/Else;forwards;2;1;1;5;5;true;1071;
"between 25 and (excluding) 30";"Undergraduate student (BSc not yet finished)";"Computer science";"none";!If;backwards;2;2;1;4;4;true;722;
"between 25 and (excluding) 30";"Undergraduate student (BSc not yet finished)";"Computer science";"none";!If;forwards;5;5;1;8;8;true;984;
"between 25 and (excluding) 30";"Undergraduate student (BSc not yet finished)";"Computer science";"none";!If;backwards;5;1;1;3;3;true;652;
"between 25 and (excluding) 30";"Undergraduate student (BSc not yet finished)";"Computer science";"none";If/Else;forwards;2;2;1;0;0;true;982;
"between 25 and (excluding) 30";"Undergraduate student (BSc not yet finished)";"Computer science";"none";!If;forwards;3;3;1;9;9;true;810;
"between 25 and (excluding) 30";"Undergraduate student (BSc not yet finished)";"Computer science";"none";If/Else;backwards;2;2;1;6;6;true;794;
"between 25 and (excluding) 30";"Undergraduate student (BSc not yet finished)";"Computer science";"none";!If;forwards;3;3;1;8;8;true;849;
